"HALLMARK_TNFA_SIGNALING_VIA_NFKB","HALLMARK_HYPOXIA","HALLMARK_G2M_CHECKPOINT","HALLMARK_ADIPOGENESIS","HALLMARK_ESTROGEN_RESPONSE_EARLY","HALLMARK_ESTROGEN_RESPONSE_LATE","HALLMARK_MYOGENESIS","HALLMARK_INTERFERON_GAMMA_RESPONSE","HALLMARK_APICAL_JUNCTION","HALLMARK_COMPLEMENT","HALLMARK_MTORC1_SIGNALING","HALLMARK_E2F_TARGETS","HALLMARK_MYC_TARGETS_V1","HALLMARK_EPITHELIAL_MESENCHYMAL_TRANSITION","HALLMARK_INFLAMMATORY_RESPONSE","HALLMARK_XENOBIOTIC_METABOLISM","HALLMARK_OXIDATIVE_PHOSPHORYLATION","HALLMARK_GLYCOLYSIS","HALLMARK_P53_PATHWAY","HALLMARK_HEME_METABOLISM","HALLMARK_ALLOGRAFT_REJECTION","HALLMARK_KRAS_SIGNALING_UP","HALLMARK_KRAS_SIGNALING_DN","HALLMARK_MITOTIC_SPINDLE","HALLMARK_IL2_STAT5_SIGNALING","HALLMARK_APOPTOSIS","HALLMARK_FATTY_ACID_METABOLISM","HALLMARK_UV_RESPONSE_UP","HALLMARK_DNA_REPAIR","HALLMARK_UV_RESPONSE_DN","HALLMARK_COAGULATION","HALLMARK_SPERMATOGENESIS","HALLMARK_UNFOLDED_PROTEIN_RESPONSE","HALLMARK_BILE_ACID_METABOLISM","HALLMARK_PI3K_AKT_MTOR_SIGNALING","HALLMARK_PEROXISOME","HALLMARK_ANDROGEN_RESPONSE","HALLMARK_INTERFERON_ALPHA_RESPONSE","HALLMARK_PROTEIN_SECRETION","HALLMARK_IL6_JAK_STAT3_SIGNALING","HALLMARK_CHOLESTEROL_HOMEOSTASIS","HALLMARK_MYC_TARGETS_V2","HALLMARK_TGF_BETA_SIGNALING","HALLMARK_REACTIVE_OXYGEN_SPECIES_PATHWAY","HALLMARK_APICAL_SURFACE","HALLMARK_WNT_BETA_CATENIN_SIGNALING","HALLMARK_PANCREAS_BETA_CELLS","HALLMARK_HEDGEHOG_SIGNALING","HALLMARK_ANGIOGENESIS","HALLMARK_NOTCH_SIGNALING"
"SNP-44_1",9.99900009999e-05,9.99900009999e-05,9.99900009999e-05,9.99900009999e-05,9.99900009999e-05,9.99900009999e-05,9.99900009999e-05,9.99900009999e-05,9.99900009999e-05,9.99900009999e-05,9.99900009999e-05,9.99900009999e-05,9.99900009999e-05,9.99900009999e-05,9.99900009999e-05,9.99900009999e-05,9.99900009999e-05,9.99900009999e-05,9.99900009999e-05,9.99900009999e-05,9.99900009999e-05,9.99900009999e-05,9.99900009999e-05,9.99900009999e-05,9.99900009999e-05,9.99900009999e-05,9.99900009999e-05,9.99900009999e-05,9.99900009999e-05,9.99900009999e-05,9.99900009999e-05,9.99900009999e-05,9.99900009999e-05,9.99900009999e-05,9.99900009999e-05,9.99900009999e-05,9.99900009999e-05,9.99900009999e-05,9.99900009999e-05,9.99900009999e-05,9.99900009999e-05,9.99900009999e-05,9.99900009999e-05,9.99900009999e-05,0.000999900009999,0.0194980501949805,0.412658734126587,0.0105989401059894,0.0086991300869913,0.0046995300469953
"SNP-44_2",9.99900009999e-05,0.0045995400459954,0.0153984601539846,0.0007999200079992,9.99900009999e-05,9.99900009999e-05,0.0144985501449855,0.163283671632837,0.0278972102789721,9.99900009999e-05,0.384161583841616,0.000999900009999,0.0032996700329967,0.0395960403959604,0.138586141385861,0.0814918508149185,0.0518948105189481,0.0347965203479652,0.115988401159884,0.115888411158884,0.272372762723728,0.0068993100689931,0.056994300569943,0.0435956404359564,9.99900009999e-05,0.210778922107789,0.0003999600039996,0.0624937506249375,0.314168583141686,0.0341965803419658,0.0145985401459854,0.034996500349965,0.0031996800319968,0.332866713328667,0.284871512848715,0.648935106489351,0.157184281571843,0.445055494450555,0.133886611338866,9.99900009999e-05,9.99900009999e-05,0.0073992600739926,0.148185181481852,0.331066893310669,0.0715928407159284,0.134686531346865,0.0305969403059694,0.064993500649935,0.0102989701029897,0.295270472952705
"SNP-59_1",9.99900009999e-05,0.0021997800219978,0.0004999500049995,9.99900009999e-05,0.0044995500449955,0.0040995900409959,0.0462953704629537,0.0064993500649935,0.000999900009999,0.0466953304669533,0.0474952504749525,0.0005999400059994,0.0042995700429957,0.0031996800319968,0.0087991200879912,0.0562943705629437,0.0006999300069993,0.0012998700129987,0.0162983701629837,0.0111988801119888,0.0004999500049995,0.0062993700629937,0.0104989501049895,9.99900009999e-05,0.0471952804719528,0.0026997300269973,0.0070992900709929,0.0050994900509949,9.99900009999e-05,0.0024997500249975,0.229377062293771,0.0116988301169883,0.0025997400259974,0.0212978702129787,0.0005999400059994,0.0117988201179882,0.0220977902209779,0.0562943705629437,0.0034996500349965,0.0231976802319768,0.0331966803319668,0.0005999400059994,0.0084991500849915,0.0496950304969503,0.563743625637436,0.185181481851815,0.143185681431857,0.410658934106589,0.0687931206879312,0.0976902309769023
"SNP-59_2",9.99900009999e-05,9.99900009999e-05,9.99900009999e-05,9.99900009999e-05,9.99900009999e-05,9.99900009999e-05,9.99900009999e-05,9.99900009999e-05,0.0004999500049995,9.99900009999e-05,9.99900009999e-05,9.99900009999e-05,9.99900009999e-05,9.99900009999e-05,9.99900009999e-05,9.99900009999e-05,0.0003999600039996,9.99900009999e-05,9.99900009999e-05,9.99900009999e-05,9.99900009999e-05,9.99900009999e-05,9.99900009999e-05,9.99900009999e-05,9.99900009999e-05,9.99900009999e-05,9.99900009999e-05,0.0003999600039996,0.0004999500049995,9.99900009999e-05,9.99900009999e-05,0.0023997600239976,9.99900009999e-05,9.99900009999e-05,0.0070992900709929,9.99900009999e-05,9.99900009999e-05,9.99900009999e-05,0.0003999600039996,9.99900009999e-05,0.0025997400259974,0.000999900009999,9.99900009999e-05,0.0005999400059994,0.0576942305769423,0.0023997600239976,0.279372062793721,0.0110988901109889,0.0444955504449555,0.0035996400359964
"SNP-63_1",9.99900009999e-05,9.99900009999e-05,9.99900009999e-05,9.99900009999e-05,0.0090990900909909,9.99900009999e-05,0.0005999400059994,9.99900009999e-05,9.99900009999e-05,0.0004999500049995,9.99900009999e-05,9.99900009999e-05,9.99900009999e-05,9.99900009999e-05,9.99900009999e-05,9.99900009999e-05,9.99900009999e-05,9.99900009999e-05,9.99900009999e-05,9.99900009999e-05,9.99900009999e-05,9.99900009999e-05,0.0132986701329867,9.99900009999e-05,9.99900009999e-05,0.0006999300069993,9.99900009999e-05,9.99900009999e-05,9.99900009999e-05,9.99900009999e-05,0.0436956304369563,0.0007999200079992,0.0018998100189981,9.99900009999e-05,0.0005999400059994,9.99900009999e-05,0.0005999400059994,9.99900009999e-05,9.99900009999e-05,9.99900009999e-05,0.0026997300269973,0.0004999500049995,0.000999900009999,0.0007999200079992,0.21007899210079,0.0004999500049995,0.101689831016898,9.99900009999e-05,0.075992400759924,0.0235976402359764
"SNP-63_2",0.165483451654835,0.225477452254775,0.236376362363764,0.780621937806219,0.656134386561344,0.401459854014599,0.496150384961504,0.23967603239676,0.706129387061294,0.255374462553745,0.237076292370763,0.791820817918208,0.472452754724528,0.936006399360064,0.226577342265773,0.0605939406059394,0.764823517648235,0.119388061193881,0.81951804819518,0.481851814818518,0.365963403659634,0.804519548045195,0.346265373462654,0.108589141085891,0.131786821317868,0.279272072792721,0.0600939906009399,0.0952904709529047,0.838516148385162,0.632336766323368,0.455654434556544,0.611238876112389,0.612238776122388,0.958604139586041,0.151484851514849,0.473352664733527,0.114788521147885,0.15028497150285,0.162383761623838,0.158084191580842,0.66953304669533,0.611938806119388,0.330566943305669,0.794420557944206,0.963903609639036,0.157384261573843,0.108289171082892,0.110588941105889,0.648735126487351,0.223177682231777
"SNP-76_1",0.0004999500049995,0.0056994300569943,9.99900009999e-05,9.99900009999e-05,0.0005999400059994,9.99900009999e-05,0.015998400159984,0.0004999500049995,9.99900009999e-05,0.0108989101089891,0.0058994100589941,9.99900009999e-05,0.002999700029997,0.0373962603739626,9.99900009999e-05,9.99900009999e-05,0.0026997300269973,0.0045995400459954,9.99900009999e-05,9.99900009999e-05,0.0774922507749225,0.0004999500049995,0.0058994100589941,9.99900009999e-05,9.99900009999e-05,0.004999500049995,0.0004999500049995,0.0023997600239976,9.99900009999e-05,9.99900009999e-05,0.0326967303269673,9.99900009999e-05,0.0050994900509949,9.99900009999e-05,0.0881911808819118,9.99900009999e-05,0.0166983301669833,0.0036996300369963,9.99900009999e-05,0.0061993800619938,0.0723927607239276,0.0007999200079992,9.99900009999e-05,0.0373962603739626,0.05999400059994,0.0021997800219978,0.319168083191681,0.0743925607439256,0.149185081491851,0.0012998700129987
"SNP-76_2",0.004999500049995,0.596640335966403,0.0453954604539546,0.69003099690031,0.584941505849415,0.592940705929407,0.719528047195281,0.627337266273373,0.781021897810219,0.888911108889111,0.38996100389961,0.011998800119988,0.143085691430857,0.058994100589941,0.656734326567343,0.103389661033897,0.0594940505949405,0.641935806419358,0.351664833516648,0.458454154584542,0.474552544745525,0.282171782821718,0.47005299470053,0.137586241375862,0.0056994300569943,0.633236676332367,0.102089791020898,0.703329667033297,0.609239076092391,0.0221977802219778,0.540445955404459,0.668933106689331,0.0922907709229077,0.897210278972103,0.656534346565343,0.931606839316068,0.0663933606639336,0.444955504449555,0.0592940705929407,0.154684531546845,0.210778922107789,0.474752524747525,0.387361263873613,0.0166983301669833,0.531246875312469,0.542445755424458,0.578742125787421,0.481351864813519,0.503949605039496,0.730926907309269
"SNP-83_1",9.99900009999e-05,9.99900009999e-05,9.99900009999e-05,9.99900009999e-05,9.99900009999e-05,9.99900009999e-05,0.005999400059994,9.99900009999e-05,0.0007999200079992,9.99900009999e-05,9.99900009999e-05,9.99900009999e-05,9.99900009999e-05,0.0006999300069993,9.99900009999e-05,9.99900009999e-05,9.99900009999e-05,9.99900009999e-05,9.99900009999e-05,9.99900009999e-05,0.0002999700029997,9.99900009999e-05,0.0010998900109989,9.99900009999e-05,9.99900009999e-05,9.99900009999e-05,9.99900009999e-05,9.99900009999e-05,9.99900009999e-05,9.99900009999e-05,9.99900009999e-05,9.99900009999e-05,9.99900009999e-05,9.99900009999e-05,9.99900009999e-05,9.99900009999e-05,0.0022997700229977,9.99900009999e-05,9.99900009999e-05,0.0007999200079992,9.99900009999e-05,9.99900009999e-05,9.99900009999e-05,9.99900009999e-05,9.99900009999e-05,9.99900009999e-05,0.0744925507449255,9.99900009999e-05,0.168183181681832,0.0017998200179982
"SNP-83_2",0.155884411558844,0.438856114388561,0.390860913908609,0.670732926707329,0.305369463053695,0.335366463353665,0.457654234576542,0.6998300169983,0.674532546745325,0.284671532846715,0.509149085091491,0.520647935206479,0.753524647535247,0.171882811718828,0.450554944505549,0.295770422957704,0.562243775622438,0.544545545445455,0.37986201379862,0.437656234376562,0.837216278372163,0.362163783621638,0.116388361163884,0.62023797620238,0.484151584841516,0.143585641435856,0.343365663433657,0.204379562043796,0.392860713928607,0.458154184581542,0.256374362563744,0.224477552244776,0.665133486651335,0.363763623637636,0.592140785921408,0.672032796720328,0.207279272072793,0.781321867813219,0.132486751324868,0.0815918408159184,0.476852314768523,0.609139086091391,0.192980701929807,0.261273872612739,0.8995100489951,0.702029797020298,0.735326467353265,0.78972102789721,0.318768123187681,0.777122287771223
"CD46-1",0.0766923307669233,0.114688531146885,0.144585541445855,0.173382661733827,0.118688131186881,0.156284371562844,0.101589841015898,0.156184381561844,0.776022397760224,9.99900009999e-05,0.0918908109189081,0.237876212378762,0.0121987801219878,0.280771922807719,9.99900009999e-05,0.0738926107389261,0.0027997200279972,0.112588741125887,0.101989801019898,0.0697930206979302,0.375062493750625,0.072992700729927,0.0914908509149085,0.0126987301269873,0.0931906809319068,0.0964903509649035,0.104689531046895,0.0400959904009599,0.151684831516848,0.0301969803019698,0.198880111988801,0.366963303669633,0.0146985301469853,0.386061393860614,0.140685931406859,0.0721927807219278,0.0472952704729527,0.12028797120288,9.99900009999e-05,0.0457954204579542,0.509049095090491,0.241475852414759,0.754324567543246,0.0154984501549845,0.091990800919908,0.181481851814819,0.277272272772723,0.359264073592641,0.593640635936406,0.211278872112789
"CD46-2",0.31956804319568,0.17998200179982,0.246575342465753,0.137786221377862,0.272172782721728,0.0576942305769423,0.676132386761324,0.221877812218778,0.436456354364564,0.125187481251875,0.115388461153885,0.245575442455754,0.088991100889911,0.173882611738826,0.0708929107089291,0.207279272072793,0.0868913108689131,0.279172082791721,0.129187081291871,0.199280071992801,0.174182581741826,0.055994400559944,0.259474052594741,0.123587641235876,0.114588541145885,0.35996400359964,0.0741925807419258,0.0931906809319068,0.0824917508249175,0.0441955804419558,0.108289171082892,0.292470752924708,0.088991100889911,0.346965303469653,0.0772922707729227,0.229377062293771,0.0416958304169583,0.611938806119388,0.0758924107589241,0.684231576842316,0.212378762123788,0.0193980601939806,0.0513948605139486,0.70982901709829,0.762023797620238,0.409059094090591,0.468653134686531,0.611738826117388,0.474252574742526,0.379462053794621
"CD52-1",0.0097990200979902,0.0585941405859414,0.002999700029997,0.0010998900109989,0.0503949605039496,0.0157984201579842,0.0421957804219578,0.0246975302469753,0.0010998900109989,9.99900009999e-05,0.0481951804819518,0.0010998900109989,0.0083991600839916,0.0395960403959604,0.0173982601739826,0.0777922207779222,0.0024997500249975,0.0177982201779822,0.0456954304569543,0.056994300569943,9.99900009999e-05,0.0030996900309969,0.073992600739926,0.0017998200179982,0.0320967903209679,0.0175982401759824,0.0087991200879912,0.0147985201479852,0.0028997100289971,0.0100989901009899,0.0020997900209979,0.166483351664834,0.0156984301569843,0.0015998400159984,0.23027697230277,0.0007999200079992,0.0972902709729027,0.0110988901109889,0.0180981901809819,0.0078992100789921,0.0528947105289471,0.107989201079892,0.0405959404059594,0.0048995100489951,0.253574642535746,0.0993900609939006,0.25987401259874,0.588641135886411,0.825517448255174,0.280771922807719
"CD52-2",9.99900009999e-05,9.99900009999e-05,9.99900009999e-05,9.99900009999e-05,0.0004999500049995,9.99900009999e-05,0.0008999100089991,9.99900009999e-05,9.99900009999e-05,9.99900009999e-05,9.99900009999e-05,9.99900009999e-05,9.99900009999e-05,0.0015998400159984,9.99900009999e-05,9.99900009999e-05,9.99900009999e-05,9.99900009999e-05,9.99900009999e-05,9.99900009999e-05,0.0013998600139986,9.99900009999e-05,0.0978902109789021,9.99900009999e-05,9.99900009999e-05,9.99900009999e-05,9.99900009999e-05,9.99900009999e-05,9.99900009999e-05,9.99900009999e-05,9.99900009999e-05,9.99900009999e-05,9.99900009999e-05,0.0006999300069993,9.99900009999e-05,0.0006999300069993,0.0057994200579942,9.99900009999e-05,9.99900009999e-05,9.99900009999e-05,9.99900009999e-05,9.99900009999e-05,9.99900009999e-05,0.0004999500049995,0.0056994300569943,0.0306969303069693,0.0460953904609539,0.337666233376662,0.0260973902609739,0.0648935106489351
"HSPA8-1",0.0048995100489951,9.99900009999e-05,9.99900009999e-05,9.99900009999e-05,0.0012998700129987,0.0007999200079992,0.0306969303069693,9.99900009999e-05,0.0301969803019698,0.0634936506349365,9.99900009999e-05,9.99900009999e-05,9.99900009999e-05,0.0003999600039996,0.0011998800119988,0.0012998700129987,9.99900009999e-05,0.035996400359964,0.0426957304269573,0.0014998500149985,0.0825917408259174,9.99900009999e-05,0.0167983201679832,0.0004999500049995,0.0127987201279872,0.0188981101889811,0.0457954204579542,0.0063993600639936,0.002999700029997,9.99900009999e-05,0.663033696630337,0.0068993100689931,0.0004999500049995,0.0367963203679632,0.0064993500649935,0.0101989801019898,0.114788521147885,0.0100989901009899,0.0098990100989901,9.99900009999e-05,0.0012998700129987,0.0021997800219978,0.0008999100089991,0.070992900709929,0.0425957404259574,0.0753924607539246,0.171482851714829,0.828717128287171,0.325767423257674,0.165183481651835
"HSPA8-2",0.0003999600039996,0.0130986901309869,0.0298970102989701,0.0100989901009899,0.0092990700929907,0.0133986601339866,0.0944905509449055,0.0032996700329967,0.0003999600039996,0.0294970502949705,0.003999600039996,0.0974902509749025,0.0025997400259974,0.0471952804719528,0.0152984701529847,0.0356964303569643,0.0007999200079992,0.0345965403459654,0.0007999200079992,0.0066993300669933,0.0020997900209979,0.0983901609839016,0.0234976502349765,0.0180981901809819,0.11958804119588,0.0133986601339866,0.0112988701129887,0.0153984601539846,0.0783921607839216,0.0244975502449755,0.419058094190581,0.0852914708529147,0.0035996400359964,0.0180981901809819,0.0623937606239376,0.041995800419958,0.0080991900809919,0.0358964103589641,0.0034996500349965,0.0055994400559944,0.0004999500049995,0.0800919908009199,0.0213978602139786,0.03999600039996,0.825417458254175,0.0475952404759524,0.0300969903009699,0.0078992100789921,0.32036796320368,0.0044995500449955
"NMU-1",0.0015998400159984,9.99900009999e-05,9.99900009999e-05,9.99900009999e-05,9.99900009999e-05,9.99900009999e-05,9.99900009999e-05,9.99900009999e-05,9.99900009999e-05,9.99900009999e-05,9.99900009999e-05,9.99900009999e-05,9.99900009999e-05,0.0302969703029697,0.0040995900409959,9.99900009999e-05,9.99900009999e-05,9.99900009999e-05,9.99900009999e-05,9.99900009999e-05,0.0028997100289971,9.99900009999e-05,0.0113988601139886,9.99900009999e-05,9.99900009999e-05,0.0012998700129987,9.99900009999e-05,9.99900009999e-05,9.99900009999e-05,9.99900009999e-05,0.0004999500049995,9.99900009999e-05,9.99900009999e-05,9.99900009999e-05,9.99900009999e-05,9.99900009999e-05,9.99900009999e-05,9.99900009999e-05,9.99900009999e-05,9.99900009999e-05,9.99900009999e-05,9.99900009999e-05,0.0003999600039996,9.99900009999e-05,0.0026997300269973,0.0014998500149985,0.267173282671733,0.0622937706229377,0.0128987101289871,0.0004999500049995
"NMU-2",0.0088991100889911,0.0097990200979902,0.000999900009999,0.048995100489951,0.0550944905509449,0.0094990500949905,0.0111988801119888,0.0048995100489951,0.0040995900409959,0.0156984301569843,0.0043995600439956,0.0013998600139986,0.0010998900109989,0.0134986501349865,0.0285971402859714,0.0014998500149985,0.0004999500049995,0.0050994900509949,0.0012998700129987,0.0168983101689831,0.115188481151885,0.026997300269973,0.122587741225877,9.99900009999e-05,0.061993800619938,0.03999600039996,0.0336966303369663,0.0120987901209879,0.0630936906309369,0.0633936606339366,0.0207979202079792,0.0591940805919408,0.0030996900309969,0.0658934106589341,0.126787321267873,0.135886411358864,0.0510948905109489,0.0020997900209979,9.99900009999e-05,0.0500949905009499,0.104389561043896,0.0082991700829917,0.0014998500149985,0.0215978402159784,0.278372162783722,0.0686931306869313,0.0613938606139386,0.003999600039996,0.0494950504949505,0.0364963503649635
"PPIA-1",9.99900009999e-05,9.99900009999e-05,9.99900009999e-05,9.99900009999e-05,9.99900009999e-05,9.99900009999e-05,9.99900009999e-05,9.99900009999e-05,9.99900009999e-05,9.99900009999e-05,9.99900009999e-05,9.99900009999e-05,9.99900009999e-05,9.99900009999e-05,9.99900009999e-05,9.99900009999e-05,9.99900009999e-05,9.99900009999e-05,9.99900009999e-05,9.99900009999e-05,9.99900009999e-05,9.99900009999e-05,9.99900009999e-05,9.99900009999e-05,9.99900009999e-05,9.99900009999e-05,9.99900009999e-05,9.99900009999e-05,9.99900009999e-05,9.99900009999e-05,9.99900009999e-05,9.99900009999e-05,9.99900009999e-05,9.99900009999e-05,9.99900009999e-05,9.99900009999e-05,9.99900009999e-05,9.99900009999e-05,9.99900009999e-05,9.99900009999e-05,9.99900009999e-05,9.99900009999e-05,9.99900009999e-05,9.99900009999e-05,0.286971302869713,9.99900009999e-05,0.291470852914709,0.0050994900509949,0.0605939406059394,9.99900009999e-05
"PPIA-2",0.220977902209779,0.0026997300269973,0.0266973302669733,0.0924907509249075,0.0134986501349865,0.0103989601039896,0.0238976102389761,0.0107989201079892,0.477152284771523,0.0205979402059794,0.0327967203279672,0.0285971402859714,0.176782321767823,0.0046995300469953,0.0201979802019798,0.0616938306169383,0.0361963803619638,0.0656934306569343,9.99900009999e-05,0.0071992800719928,0.105389461053895,0.196080391960804,9.99900009999e-05,0.0895910408959104,0.031996800319968,0.0224977502249775,0.273172682731727,0.121187881211879,0.0306969303069693,0.0354964503549645,0.0188981101889811,0.396260373962604,0.592440755924408,0.51034896510349,0.126887311268873,0.206979302069793,0.0645935406459354,0.003999600039996,0.012998700129987,0.0553944605539446,0.252374762523748,0.109489051094891,0.0180981901809819,0.0712928707129287,0.305369463053695,0.241675832416758,0.71972802719728,0.040995900409959,0.115988401159884,0.0397960203979602
"RPL22-1",0.260773922607739,0.0012998700129987,0.0367963203679632,0.0014998500149985,0.0244975502449755,0.0665933406659334,0.0540945905409459,0.015998400159984,0.0095990400959904,0.0905909409059094,0.0035996400359964,0.0046995300469953,0.0024997500249975,0.0487951204879512,0.0100989901009899,0.0074992500749925,0.0005999400059994,0.0091990800919908,9.99900009999e-05,9.99900009999e-05,0.0061993800619938,0.0045995400459954,0.0401959804019598,0.0043995600439956,0.0044995500449955,9.99900009999e-05,0.0054994500549945,0.025997400259974,0.0035996400359964,9.99900009999e-05,0.176882311768823,0.0321967803219678,0.0142985701429857,0.0100989901009899,0.0075992400759924,0.0063993600639936,0.0033996600339966,0.152784721527847,0.0022997700229977,0.0123987601239876,0.0042995700429957,0.0224977502249775,0.0010998900109989,0.0004999500049995,0.0023997600239976,0.383961603839616,0.244775522447755,0.0147985201479852,0.0107989201079892,0.0352964703529647
"RPL22-2",0.0373962603739626,0.0492950704929507,0.0303969603039696,0.0106989301069893,0.0037996200379962,0.0126987301269873,0.179282071792821,0.0270972902709729,0.096990300969903,0.0111988801119888,0.0288971102889711,0.0220977902209779,0.0283971602839716,0.0577942205779422,0.0113988601139886,0.0383961603839616,0.004999500049995,0.0616938306169383,0.023997600239976,0.0194980501949805,0.0192980701929807,0.0999900009999,0.0173982601739826,0.0473952604739526,0.000999900009999,0.0312968703129687,0.0213978602139786,0.007999200079992,0.0028997100289971,0.0086991300869913,0.12038796120388,0.0056994300569943,0.0590940905909409,0.0117988201179882,0.191480851914809,0.015998400159984,0.0024997500249975,0.0136986301369863,0.0375962403759624,0.0102989701029897,9.99900009999e-05,0.001999800019998,0.193480651934807,0.213278672132787,0.0655934406559344,0.0908909109089091,0.29007099290071,0.334466553344666,0.0480951904809519,0.171282871712829
"NTC-1",0.0005999400059994,0.0003999600039996,9.99900009999e-05,9.99900009999e-05,9.99900009999e-05,9.99900009999e-05,0.003999600039996,0.0018998100189981,0.0011998800119988,9.99900009999e-05,0.0004999500049995,9.99900009999e-05,9.99900009999e-05,9.99900009999e-05,0.0280971902809719,0.0007999200079992,9.99900009999e-05,0.0016998300169983,9.99900009999e-05,0.0011998800119988,0.0005999400059994,0.0012998700129987,9.99900009999e-05,9.99900009999e-05,9.99900009999e-05,9.99900009999e-05,0.0015998400159984,9.99900009999e-05,9.99900009999e-05,0.0004999500049995,0.000999900009999,0.0092990700929907,9.99900009999e-05,0.0004999500049995,0.0006999300069993,0.0017998200179982,9.99900009999e-05,9.99900009999e-05,9.99900009999e-05,9.99900009999e-05,0.0461953804619538,9.99900009999e-05,0.0004999500049995,0.0038996100389961,0.0708929107089291,9.99900009999e-05,0.163283671632837,0.0057994200579942,9.99900009999e-05,0.243475652434757
"NTC-2",9.99900009999e-05,9.99900009999e-05,9.99900009999e-05,9.99900009999e-05,0.0170982901709829,0.0020997900209979,0.0155984401559844,0.0026997300269973,0.0035996400359964,0.002999700029997,9.99900009999e-05,9.99900009999e-05,9.99900009999e-05,9.99900009999e-05,0.0016998300169983,0.0004999500049995,9.99900009999e-05,9.99900009999e-05,9.99900009999e-05,9.99900009999e-05,0.0006999300069993,9.99900009999e-05,0.0070992900709929,9.99900009999e-05,9.99900009999e-05,9.99900009999e-05,0.0004999500049995,9.99900009999e-05,9.99900009999e-05,9.99900009999e-05,0.0316968303169683,0.0031996800319968,9.99900009999e-05,0.0022997700229977,9.99900009999e-05,0.0032996700329967,9.99900009999e-05,0.0236976302369763,0.0012998700129987,9.99900009999e-05,0.0206979302069793,9.99900009999e-05,9.99900009999e-05,0.0054994500549945,0.0262973702629737,0.0527947205279472,0.557844215578442,0.487751224877512,0.508349165083492,0.000999900009999
"NTC-4",0.0005999400059994,0.0036996300369963,0.0064993500649935,0.0003999600039996,0.0020997900209979,0.0288971102889711,0.38036196380362,0.0011998800119988,0.071992800719928,0.0040995900409959,0.038996100389961,0.0050994900509949,0.0021997800219978,0.0414958504149585,0.0341965803419658,0.0146985301469853,0.0010998900109989,0.0072992700729927,0.026997300269973,0.0040995900409959,0.0005999400059994,9.99900009999e-05,0.0455954404559544,0.0004999500049995,0.0013998600139986,0.0043995600439956,0.0048995100489951,0.0007999200079992,0.0053994600539946,0.0135986401359864,0.0875912408759124,0.0115988401159884,0.007999200079992,0.260873912608739,0.284671532846715,0.0466953304669533,0.0165983401659834,0.0120987901209879,0.0573942605739426,0.0004999500049995,0.309469053094691,0.0611938806119388,0.0010998900109989,0.0076992300769923,0.0221977802219778,0.0208979102089791,0.0262973702629737,0.506549345065493,0.804019598040196,0.095990400959904
"NTC-5",0.005999400059994,0.07999200079992,0.0053994600539946,9.99900009999e-05,0.107789221077892,0.0354964503549645,0.0190980901909809,0.0036996300369963,0.0050994900509949,0.0013998600139986,9.99900009999e-05,0.0171982801719828,9.99900009999e-05,0.191080891910809,0.0041995800419958,9.99900009999e-05,0.0242975702429757,0.053994600539946,0.0052994700529947,0.0013998600139986,0.0890910908909109,0.0098990100989901,0.0071992800719928,9.99900009999e-05,0.0011998800119988,0.0075992400759924,0.191180881911809,0.0030996900309969,0.0104989501049895,0.0038996100389961,0.0111988801119888,0.008999100089991,9.99900009999e-05,0.0036996300369963,0.0140985901409859,0.0267973202679732,0.0163983601639836,0.0171982801719828,0.0727927207279272,0.0516948305169483,0.0910908909109089,9.99900009999e-05,0.0016998300169983,0.0110988901109889,0.356264373562644,0.0227977202279772,0.0644935506449355,0.087991200879912,0.395660433956604,0.235776422357764
"NTC-6",0.338366163383662,0.143785621437856,0.0473952604739526,0.205479452054795,0.211378862113789,0.242375762423758,0.718528147185281,0.0693930606939306,0.22037796220378,0.414658534146585,0.601939806019398,0.191080891910809,0.27957204279572,0.163283671632837,0.154484551544846,0.392560743925607,0.145385461453855,0.384461553844616,0.0548945105489451,0.435856414358564,0.0192980701929807,0.177082291770823,0.437856214378562,0.28027197280272,0.235976402359764,0.396460353964604,0.354964503549645,0.416258374162584,0.313168683131687,0.0466953304669533,0.604139586041396,0.108789121087891,0.344665533446655,0.381961803819618,0.565743425657434,0.236876312368763,0.451254874512549,0.219178082191781,0.105189481051895,0.313068693130687,0.445355464453555,0.165383461653835,0.152484751524848,0.0506949305069493,0.439356064393561,0.0691930806919308,0.171382861713829,0.357464253574643,0.0694930506949305,0.158284171582842
"NTC-7",0.0015998400159984,0.0015998400159984,9.99900009999e-05,9.99900009999e-05,0.0021997800219978,0.0010998900109989,0.0004999500049995,0.0035996400359964,0.0022997700229977,9.99900009999e-05,9.99900009999e-05,9.99900009999e-05,9.99900009999e-05,0.0448955104489551,0.0157984201579842,9.99900009999e-05,9.99900009999e-05,9.99900009999e-05,0.000999900009999,0.0034996500349965,0.0068993100689931,9.99900009999e-05,0.0007999200079992,0.0025997400259974,0.0356964303569643,0.0003999600039996,0.0007999200079992,0.000999900009999,9.99900009999e-05,9.99900009999e-05,0.0041995800419958,9.99900009999e-05,0.0005999400059994,0.0056994300569943,9.99900009999e-05,0.0054994500549945,0.12978702129787,9.99900009999e-05,0.0015998400159984,9.99900009999e-05,0.0218978102189781,9.99900009999e-05,0.0005999400059994,9.99900009999e-05,0.0560943905609439,0.0336966303369663,0.000999900009999,0.0304969503049695,0.562043795620438,0.297370262973703
"NTC-8",9.99900009999e-05,9.99900009999e-05,9.99900009999e-05,9.99900009999e-05,9.99900009999e-05,9.99900009999e-05,0.0004999500049995,9.99900009999e-05,0.0004999500049995,0.000999900009999,9.99900009999e-05,9.99900009999e-05,9.99900009999e-05,9.99900009999e-05,9.99900009999e-05,0.0004999500049995,9.99900009999e-05,0.0004999500049995,9.99900009999e-05,9.99900009999e-05,9.99900009999e-05,9.99900009999e-05,0.0512948705129487,9.99900009999e-05,0.0010998900109989,9.99900009999e-05,9.99900009999e-05,9.99900009999e-05,0.0003999600039996,9.99900009999e-05,0.0264973502649735,0.0003999600039996,9.99900009999e-05,0.0004999500049995,0.0028997100289971,0.0002999700029997,9.99900009999e-05,9.99900009999e-05,9.99900009999e-05,9.99900009999e-05,0.0043995600439956,9.99900009999e-05,0.0015998400159984,0.0004999500049995,0.0632936706329367,0.0008999100089991,0.184181581841816,0.0106989301069893,0.0042995700429957,0.0007999200079992
"NTC-9",0.0003999600039996,0.0033996600339966,9.99900009999e-05,9.99900009999e-05,0.0183981601839816,0.011998800119988,9.99900009999e-05,0.0020997900209979,9.99900009999e-05,9.99900009999e-05,0.0047995200479952,9.99900009999e-05,9.99900009999e-05,9.99900009999e-05,0.0013998600139986,9.99900009999e-05,9.99900009999e-05,9.99900009999e-05,0.0026997300269973,9.99900009999e-05,9.99900009999e-05,0.0008999100089991,0.0506949305069493,9.99900009999e-05,9.99900009999e-05,9.99900009999e-05,9.99900009999e-05,9.99900009999e-05,0.0011998800119988,9.99900009999e-05,9.99900009999e-05,0.0005999400059994,0.0004999500049995,9.99900009999e-05,0.000999900009999,9.99900009999e-05,9.99900009999e-05,0.0162983701629837,0.0122987701229877,0.0043995600439956,0.0786921307869213,9.99900009999e-05,9.99900009999e-05,9.99900009999e-05,0.326467353264674,0.0115988401159884,0.165483451654835,9.99900009999e-05,0.0040995900409959,9.99900009999e-05
"NTC-10",0.0573942605739426,0.221777822217778,0.223977602239776,0.245675432456754,0.245475452454755,0.418958104189581,0.0868913108689131,0.615538446155384,0.439456054394561,0.308769123087691,0.526147385261474,0.1997800219978,0.239376062393761,0.329367063293671,0.748225177482252,0.532146785321468,0.162883711628837,0.469053094690531,0.648335166483352,0.623637636236376,0.121687831216878,0.228077192280772,0.570842915708429,0.165083491650835,0.473252674732527,0.63963603639636,0.68953104689531,0.659434056594341,0.762323767623238,0.363363663633637,0.462553744625537,0.087991200879912,0.697330266973303,0.424157584241576,0.316468353164684,0.299170082991701,0.25967403259674,0.235176482351765,0.0542945705429457,0.54954504549545,0.266873312668733,0.635436456354365,0.181581841815818,0.362463753624638,0.225177482251775,0.26027397260274,0.326667333266673,0.467753224677532,0.407159284071593,0.725927407259274
"NTC-11",0.0017998200179982,0.0056994300569943,0.000999900009999,0.0007999200079992,0.0005999400059994,9.99900009999e-05,0.0083991600839916,9.99900009999e-05,0.0153984601539846,9.99900009999e-05,9.99900009999e-05,0.0015998400159984,9.99900009999e-05,0.0050994900509949,9.99900009999e-05,0.004999500049995,0.0003999600039996,0.0018998100189981,0.0008999100089991,0.0254974502549745,0.0083991600839916,0.0044995500449955,0.292670732926707,0.0088991100889911,9.99900009999e-05,0.0021997800219978,0.0023997600239976,0.0547945205479452,0.0016998300169983,9.99900009999e-05,0.0361963803619638,0.0298970102989701,0.0053994600539946,0.0004999500049995,0.0121987801219878,0.0004999500049995,0.0071992800719928,0.005999400059994,9.99900009999e-05,0.001999800019998,0.0396960303969603,0.0121987801219878,0.0053994600539946,9.99900009999e-05,0.360863913608639,0.362763723627637,0.0625937406259374,0.0705929407059294,0.402959704029597,0.146985301469853
